aspect,positive_sentiments_analysis,positive_sentiments_action,negative_sentiments_analysis,negative_sentiments_action
Room Quality & Comfort,"1. **[Theme 1]: Luxurious and High-Quality Furnishings/Amenities:** Guests repeatedly mention specific high-end features such as large TVs, Bang & Olufsen speakers, rain showers, large bathtubs, Bulgari shampoos, and exceptionally comfortable beds and sofas. Renovated rooms are frequently highlighted for their aesthetic design and luxury.

2. **[Theme 2]: Spaciousness and Comfort:** The reviews frequently describe rooms as spacious, comfortable, and luxurious. This includes mentions of ample room size (e.g., 120 m2), comfortable seating areas, and an overall sense of luxury and well-being within the room.

3. **[Theme 3]: Impeccable Cleanliness and Quiet Environment:** Several guests explicitly note the cleanliness of their rooms and the silence, contributing to a peaceful and relaxing stay. This is a foundational element of room quality.","1. **[Action 1]:** Implement a systematic review process for in-room amenities, focusing on maintaining the perceived luxury and functionality of high-end items (e.g., Bang & Olufsen speakers, rain showers). This should include scheduled checks for wear and tear, operational functionality, and aesthetic appeal, with clear protocols for replacement or repair to ensure consistent guest experience.

2. **[Action 2]:** Standardize room size and furnishing descriptions across all booking platforms and internal communications. While actual room sizes are fixed, ensure that guest expectations are managed by clearly differentiating room categories and highlighting the spaciousness and comfort features associated with higher-tier rooms through high-quality imagery and detailed descriptions.

3. **[Action 3]:** Enhance the daily room cleaning checklist to include specific checks for noise insulation. This could involve brief in-room sound checks by housekeeping supervisors or a dedicated maintenance check for any potential sources of noise disruption (e.g., HVAC systems, plumbing) to further solidify the ""silent"" environment reported by guests.","1. **[Theme 1]: Inconsistent Room Quality and Comfort:** A significant portion of reviews highlight discrepancies in room quality. While some guests experienced luxurious and comfortable rooms, others found their rooms to be dated, lacking amenities, or featuring uncomfortable beds and pillows, particularly with an emphasis on overly hard mattresses. There's a clear disconnect between guest expectations for a luxury hotel and the reality of some room experiences, especially concerning renovation status.

2. **[Theme 2]: Bedding and Mattress Quality:** A recurring and specific complaint centers on the quality of beds and mattresses. Multiple guests described mattresses as ""extremely hard,"" ""hard as a rock,"" or having ""bad bed spring,"" leading to ""sleepless nights"" and an uncomfortable experience. Pillows were also criticized as ""awful"" and ""lump of playdough.""

3. **[Theme 3]: Room Capacity and Configuration for Multiple Guests:** Some reviews indicate issues with rooms being accurately advertised for their capacity. Guests booked rooms expecting to accommodate three adults or a family, only to find that the existing bedding (e.g., two single beds) was insufficient or that an ""extra bed"" provided had a very hard mattress, negating the comfort sought.","1. **[Action 1]:** Implement a phased room renovation program, prioritizing rooms identified as ""unrenovated"" or ""older"" in guest feedback. Clearly distinguish between renovated and non-renovated room categories in all booking channels to manage guest expectations accurately.

2. **[Action 2]:** Conduct an immediate review of all bedding and mattress specifications. Source and implement higher-quality, medium-firm mattresses and ergonomically designed pillows across all room types. Consider guest feedback regarding the ""Westin signature bed"" as a benchmark for comfort.

3. **[Action 3]:** Review and update room descriptions on the hotel website and third-party booking platforms to accurately reflect the maximum comfortable occupancy and the type of bedding provided (e.g., specify if a third bed is an rollaway with a different comfort level). Ensure clear information on bed configurations for rooms advertised to accommodate multiple adults."
Facilities & Amenities,"1. **[Theme 1]:** **Exceptional Fitness Center Experience:** Multiple reviews highlight the outstanding quality of the gym facilities, the thoughtful amenities provided (e.g., chilled towels, coffee, tea, wireless charging), and the exceptional service from specific staff members.
2. **[Theme 2]:** **World-Class Infinity Pool and Views:** The iconic infinity pool and its breathtaking city/bay views are consistently praised as a standout feature, frequently described as ""amazing,"" ""exceptional,"" and ""worth it alone.""
3. **[Theme 3]:** **High-Quality Room Amenities and Comfort:** Guests frequently commend the comfort and quality of the rooms, specifically mentioning features like newly renovated designs, modern technology (e.g., electric toilets), and well-stocked, replenished amenities.","1. **[Action 1]:** **Enhance Fitness Center Tiered Service:** Leverage the positive feedback on fitness center amenities by exploring opportunities for tiered service. This could include offering premium post-workout recovery options (e.g., specialized sports massages, advanced hydration stations) or personalized workout plans developed by in-house trainers, further solidifying the ""new world experience"" mentioned by guests.
2. **[Action 2]:** **Optimize Infinity Pool Experience During Peak Hours:** While the pool is lauded, guests also mention enjoying it more with fewer patrons. Implement a system for managing peak hour access to the infinity pool, such as a reservation system for specific time slots or designated quieter zones, to ensure all guests can fully appreciate the experience without overcrowding.
3. **[Action 3]:** **Standardize and Elevate Turndown Service:** Address the noted inconsistency in turndown service. Implement a mandatory, standardized protocol for turndown service, including clear checklists for housekeeping staff to ensure consistent delivery of amenities, room tidiness, and a welcoming atmosphere for guests returning to their rooms each evening.","1. **[Dated and Poorly Maintained In-Room Amenities]:** Numerous guests report that the in-room amenities, including toilets, showers, beds, and mini-bars, are outdated, worn, and do not meet modern standards or the expectations for a luxury hotel. Specific complaints include old mattresses, lack of outlets in bathrooms, poorly stocked mini-bars, and non-functioning fixtures.

2. **[Overcrowding and Lack of Exclusivity]:** A significant number of reviews highlight issues with overcrowding, particularly in public areas like the lobby, buffet breakfast, and the infinity pool. Guests express frustration with long queues, the inability to find seating, and the general feeling of a public space rather than a private, exclusive hotel experience. This extends to shared elevators and the inability to access areas without constant verification.

3. **[Inconvenient Access and Relocation of Facilities]:** Guests express dissatisfaction with the inconvenient access to certain facilities, most notably the fitness center being relocated to a separate building requiring a walk through an underpass or across traffic. There are also complaints about the lack of direct lifts to the pool area and the general complex navigation required to access amenities.","1. **[Action 1]:** Implement a comprehensive in-room amenity audit and modernization program. This should include a phased upgrade of bathroom fixtures, replacement of old mattresses, installation of modern conveniences like ample power outlets (including USB ports), and a review of mini-bar contents to align with luxury guest expectations (e.g., offering a wider range of alcoholic and non-alcoholic beverages, including sugar-free options). Prioritize updating rooms with the oldest fixtures first.

2. **[Action 2]:** Develop and implement a tiered guest access system for high-traffic areas like the infinity pool and buffet breakfast. This could involve timed entry slots for hotel guests, separate queues for different guest tiers (e.g., suite guests vs. standard rooms), and enhanced staffing during peak hours to manage flow and ensure a more personalized experience. Explore options for exclusive adult-only swimming times or areas within the pool complex.

3. **[Action 3]:** Review and optimize the accessibility of all hotel facilities. For the fitness center, investigate options for improved direct access or shuttle services. For the infinity pool, assess the feasibility of direct lift access from each tower or implement a more seamless transfer system. Clearer, more intuitive signage throughout the hotel should also be developed to guide guests to various amenities and facilities, reducing reliance on constant verification and improving navigation."
Customer Service & Staff,"1. **[Personalized Recognition & Proactive Service]:** Guests repeatedly highlight instances where staff went above and beyond, often without being prompted, to acknowledge special occasions (birthdays) or anticipate needs (early check-in access, assisting with minor issues). This includes thoughtful gestures like room upgrades, complimentary gifts (chocolates, cake), and early facility access.
2. **[Exceptional Staff Friendliness & Helpfulness]:** A pervasive theme is the outstanding friendliness, helpfulness, and accommodating nature of the staff across various departments, from reception and poolside to gift shop and room stylists. Specific individuals are frequently named and praised for their positive attitude and willingness to assist.
3. **[Efficient Problem Resolution & Knowledgeable Staff]:** Several reviews commend the swift and effective response of staff when issues arise, such as a malfunctioning air conditioner. Additionally, guests value staff members who are knowledgeable and able to provide clear, necessary information about hotel facilities and the surrounding area.","1. **[Action 1]:** Implement a standardized ""Special Occasion Protocol"" for all guest-facing staff, including reception, concierge, and F&B. This protocol should empower staff to identify and acknowledge upcoming guest birthdays or anniversaries (gleaned from booking details or discreet inquiries) with pre-approved, tiered gestures (e.g., personalized welcome note, room upgrade consideration, complimentary amenity) to ensure consistent personalized recognition.
2. **[Action 2]:** Enhance existing staff training programs to include a module on ""Proactive Service and Anticipatory Needs."" This module should focus on observational skills to identify subtle guest cues, empower staff to offer assistance before being asked, and encourage cross-departmental communication to share guest preferences or observed needs.
3. **[Action 3]:** Establish a ""Staff Recognition Spotlight"" program, prominently displayed in staff areas and internal communications. This program would feature specific examples of exceptional service, highlighting individuals and teams who have demonstrated outstanding problem-solving, proactivity, and guest engagement, fostering a culture of continuous improvement and reinforcing best practices.","1. **[Long Wait Times & Inefficiency]:** A significant number of reviews highlight excessive wait times for check-in, reservation issues, and delays in service (e.g., drink orders, room availability notifications). This suggests systemic inefficiencies in staffing levels, training, and process management.
2. **[Rude & Unprofessional Staff Behavior]:** A recurring theme is the perception of staff being rude, abrupt, unprofessional, lacking empathy, and sometimes even insulting. This is particularly noted at the front desk, but also extends to other areas like the infinity pool and bars.
3. **[Inconsistent Service Quality & Lack of Training]:** While some guests mention friendly staff, many reviews point to a clear inconsistency in service. This is often attributed to poor training, staff being overwhelmed, and a lack of basic hospitality skills (e.g., smiling, engaging, providing accurate information).","1. **[Action 1]:** Implement a comprehensive training program for all guest-facing staff focusing on active listening, empathy, conflict resolution, and service recovery. Incorporate role-playing scenarios to simulate common guest issues and train staff on appropriate responses.
2. **[Action 2]:** Conduct a thorough review and optimization of all key guest touchpoints, starting with check-in. This includes analyzing staffing levels during peak hours, streamlining the check-in process, potentially introducing express check-in options for loyal guests, and implementing better reservation management systems to prevent errors.
3. **[Action 3]:** Establish clear service standards and performance metrics for each department. Implement a system for regular service audits and guest feedback collection specific to staff interactions, with follow-up coaching and disciplinary actions for consistent negative performance. Empower supervisors to address immediate service lapses on the floor."
Dining Experience,"1. **[Food Quality & Variety]:** Guests consistently praise the quality, taste, and gastronomic journey offered across various dining venues. Specific mentions of ""delicious cafe,"" ""out of this world,"" ""excellent food,"" ""beautifully crafted cakes and savouries,"" and ""widespread and delicious breakfast selections"" highlight satisfaction with the culinary offerings.
2. **[Ambiance & Views]:** The dining experience is significantly enhanced by the spectacular views from restaurants like Spago, Lavo, and Club 55. Reviews frequently mention ""brilliant location,"" ""love the vibe,"" ""stunning views,"" ""killer views,"" and ""great views,"" indicating that the visual aspect is a key component of guest satisfaction.
3. **[Staff Professionalism & Service]:** The attentiveness, professionalism, and friendliness of restaurant staff are frequently cited as contributing factors to a positive dining experience. Mentions of ""professional, nice and friendly,"" ""patient staff,"" ""great hosts,"" ""highly professional, attentive, and genuinely welcoming,"" and ""staff go 110%"" underscore the impact of excellent service.","1. **[Action 1]:** Implement a system for regular culinary training and recipe standardization across all F&B outlets to ensure consistent high quality and introduce seasonal specials that highlight local ingredients, building on the ""gastronomy journey"" and ""delicacies"" feedback.
2. **[Action 2]:** Develop a program to train staff in effectively highlighting the unique views and ambiance of each dining location during guest interactions, offering suggestions based on time of day and special events to enhance the ""vibe"" and ""views"" aspect of the experience.
3. **[Action 3]:** Introduce a ""Chef's Table"" or special tasting menu experience at select restaurants that focuses on showcasing the culinary artistry and premium ingredients, further differentiating the fine dining offerings and catering to guests seeking exceptional ""gastronomy journeys.""","1. **[High Cost & Perceived Value]:** Guests frequently express that dining experiences are ""overpriced,"" ""too pricey,"" ""ridiculously priced,"" and do not align with the perceived value, especially concerning items like fresh fruit juices or small portions. The cost of food and drinks is a recurring point of dissatisfaction.
2. **[Inconsistent Service Quality]:** While some service aspects are praised, a significant portion of reviews highlight ""not matching the hotel’s standards,"" ""terrible service,"" ""slow,"" ""unhelpful,"" ""incompetent,"" and ""rude"" staff. This inconsistency is noted across various dining venues and touchpoints.
3. **[Booking & Availability Issues]:** Guests report difficulties in securing reservations, with restaurants being ""booked out"" or having ""unavailable seats"" even for club room guests. This leads to disappointment and an inability to experience planned dining.","1. **[Action 1]:** **Review and Adjust Pricing Strategy for Premium Items:** Conduct a detailed cost-benefit analysis for high-margin, low-cost items like fresh juices and specialty teas. Consider offering tiered pricing, smaller portion options, or bundling certain beverages with meals to improve perceived value. For example, implement a ""fresh juice of the day"" special at a more accessible price point.
2. **[Action 2]:** **Implement Enhanced Service Training & Service Recovery Protocols:** Conduct mandatory refresher training focused on service standards, attentiveness, and proactive guest engagement, specifically within all dining outlets. Implement a robust service recovery protocol where staff are empowered to resolve minor issues immediately (e.g., offering a complimentary drink for minor delays) and a clear escalation path for more complex guest complaints.
3. **[Action 3]:** **Optimize Reservation and Seating Management Systems:** Investigate the current reservation system's efficiency and real-time availability updates. Implement a dynamic table management system that provides accurate booking information and potentially allows for waitlist management or alternative dining suggestions when primary choices are unavailable. For club/suite guests, explore priority booking windows or designated seating areas to ensure promised benefits are delivered."
Casino Experience,"1. **[Accessibility and Value for Non-Gamblers]:** Many reviews highlight the casino as a key attraction even for those who are not regular gamblers, appreciating the ambiance, the ""experience"" factor, and complimentary offerings. The mention of free entry for foreign passport holders and free drinks reinforces this.
2. **[Perceived Exclusivity and High Standards]:** Guests consistently describe the casino as ""high-end,"" ""luxury,"" and ""one of the best in the world,"" suggesting a perception of premium quality and a sophisticated atmosphere. This extends to the overall Marina Bay Sands brand.
3. **[Crowding and Availability on Peak Times]:** A specific pain point identified is the difficulty in finding spots on major games, particularly during weekends, indicating potential capacity issues or high demand that impacts the guest experience.","1. **[Action 1]:** Enhance the ""experience"" for non-gamblers by introducing guided tours of the casino floor highlighting its architecture and unique features. Partner with the beverage service to offer curated ""tasting flights"" of signature non-alcoholic beverages, further promoting the complimentary drink offering as a distinct amenity.
2. **[Action 2]:** Maintain and reinforce the ""high-end"" perception through rigorous staff training focused on discreet, attentive, and personalized service. Implement a ""secret shopper"" program specifically for the casino floor to audit service standards and identify areas for improvement in maintaining an exclusive atmosphere.
3. **[Action 3]:** Implement a dynamic capacity management strategy for peak weekend periods. This could involve a digital queue system for popular table games, pre-booking options for specific high-demand games (where feasible), or a tiered approach to table allocation to ensure better distribution and availability for a wider range of guests.","1.  **[Theme 1]: Inflexible and Disappointing Casino Access/Membership Policies:** Several reviews highlight frustration with strict entry requirements for the casino, particularly for ""Premier"" card members on special occasions and issues with ID verification even for non-gambling visitors in distress. This suggests a perception that loyalty or financial investment in the hotel does not always translate to flexible privileges or understanding in the casino.
2.  **[Theme 2]: Perceived Lack of Service and Empathy in Operational Procedures:** Guests encountered rigid adherence to rules and a lack of empathetic problem-solving. This is evident in the inability to make exceptions for a sick visitor needing brief entry, assistance for a non-gambler searching for a family member, and the mishandling of a payment issue that led to a blocked credit card and ruined plans, with no satisfactory resolution or apology offered.
3.  **[Theme 3]: Confusion and Inefficiency in Navigation and Access:** Multiple guests found the hotel's vastness overwhelming, leading to difficulties in navigating to the casino and other areas. This is compounded by issues with check-in/check-out processes, luggage delivery, and a general lack of clear signage and directional information, creating a frustrating and time-consuming experience.","1.  **[Action 1]: Review and Tier Casino Entry/Privileges:** Conduct a comprehensive review of the tiered membership program for the casino, specifically examining the criteria for special occasion access. Consider introducing more flexible ""guest access"" privileges for higher-tier members that allow for non-gambling companions or brief visits, particularly in compassionate circumstances, to enhance perceived value and reduce guest frustration.
2.  **[Action 2]: Implement Enhanced Staff Training on Empathetic Problem-Solving:** Develop and implement mandatory customer service training for all frontline staff (especially casino and reception) focusing on de-escalation techniques, empathetic communication, and empowering staff to make minor exceptions or offer immediate, practical solutions for guest issues, even if it deviates slightly from standard procedure, especially when dealing with sensitive situations.
3.  **[Action 3]: Develop and Deploy Comprehensive Wayfinding and Access Solutions:** Invest in clear, multi-lingual, and easily accessible signage throughout the hotel, particularly directing guests to the casino and different towers. Additionally, streamline the check-in/check-out process by increasing staffing during peak hours and exploring technology solutions for faster luggage delivery and room key issuance. Consider a dedicated concierge service for navigation assistance."
Shopping & Retail,"1. **[Theme 1]:** **Extensive High-End Retail Offering:** A dominant theme is the sheer volume and variety of luxury and designer brands available within ""The Shoppes."" Guests repeatedly mention specific high-end labels and describe it as a destination for premium shopping.
2. **[Theme 2]:** **Integrated Entertainment and Dining Options:** Beyond shopping, guests highlight the presence and enjoyment of other amenities such as the food court, restaurants (including celebrity chef options), canal rides, and proximity to entertainment like the light and water shows. This suggests a multi-faceted destination.
3. **[Theme 3]:** **Strategic Location and Connectivity:** The reviews frequently emphasize the convenient and accessible location of the shopping mall, its connection to the hotel, other attractions like the ArtScience Museum and Gardens by the Bay, and its proximity to public transport (MRT).","1. **[Action 1]:** **Enhance In-Mall Wayfinding for Retail Clusters:** Given the vastness of the mall and the focus on specific brand categories, implement enhanced digital and physical signage systems. This should clearly delineate zones for different types of luxury brands (e.g., ""Haute Couture Lane,"" ""Jewelry Avenue"") to improve navigation and shopping experience for guests targeting specific retailers.
2. **[Action 2]:** **Curate Thematic Retailer Promotions and Integrated Experiences:** Leverage the ""integrated entertainment and dining"" theme by developing collaborative promotions between high-end retailers and the diverse dining options. For instance, offer exclusive dining discounts with a minimum spend at selected luxury boutiques, or create ""shop and dine"" packages that highlight specific culinary experiences alongside fashion.
3. **[Action 3]:** **Develop Seamless Inter-Attraction Digital Integration:** Capitalize on the strategic location by enhancing digital touchpoints. Integrate ""The Shoppes"" with the MBS hotel app, offering personalized retail recommendations based on guest profiles, real-time information on light show timings, and direct booking links for nearby attractions like the ArtScience Museum and Gardens by the Bay, all accessible within a single platform.","1.  **[Theme 1]:** **Exclusivity and High Pricing:** A significant portion of reviews highlight that the shopping and retail offerings are perceived as overly expensive, catering exclusively to high-end designer brands and a wealthy tourist demographic, lacking options for the general population or budget-conscious shoppers.
2.  **[Theme 2]:** **Overcrowding and Lack of Amenities:** Guests frequently mention the shopping mall being chaotic, noisy, overwhelming, and very crowded. A key concern is the severe lack of sufficient seating/rest areas and inadequate toilet facilities relative to the visitor volume, making the experience tiring and unpleasant, especially for the elderly.
3.  **[Theme 3]:** **Poor Parking Experience:** The parking facilities are repeatedly described as ""horrific"" due to a lack of communication about capacity, a one-way traffic flow design, and the perceived high cost for minimal spend. This leads to frustration and wasted time for guests arriving by car.","1.  **[Action 1]:** **Diversify Retail Mix:** Strategically identify and onboard a selection of mid-tier and popular chain retail brands (e.g., Abercrombie & Fitch, Superdry, Levi's) to complement existing luxury offerings. This can be achieved through targeted leasing initiatives focusing on brands that appeal to a broader demographic and can offer better value.
2.  **[Action 2]:** **Enhance Visitor Comfort and Facilities:** Significantly increase the number of accessible restrooms and implement a robust, regular cleaning schedule for these facilities. Furthermore, strategically place more comfortable seating areas (benches, lounge chairs) throughout the shopping mall, particularly in high-traffic zones and rest points, to alleviate fatigue.
3.  **[Action 3]:** **Optimize Parking Management and Communication:** Implement an real-time parking availability system with clear signage at entry points and within the parking structure. Explore options for dynamic pricing or tiered minimum spend thresholds for parking validation that are more aligned with consumer expectations and the perceived value of the retail experience."
Location & Accessibility,"1. **[Theme 1]:** **Exceptional Connectivity & Proximity to Attractions:** Guests consistently highlight the hotel's prime location, emphasizing its direct access to major attractions like Gardens by the Bay, the Art & Science Museum, and The Shoppes at Marina Bay Sands. The convenience of nearby MRT stations for broader city access is also a significant recurring positive.
2. **[Theme 2]:** **Integrated Hub & Self-Sufficiency:** The hotel is frequently described as a ""city within itself,"" offering guests everything they need on-site. This includes dining, shopping, and entertainment, reducing the need to leave the property and further enhancing the sense of convenience and accessibility.
3. **[Theme 3]:** **Early Arrival & Ancillary Service Integration:** While less frequent than the first two, there's a notable theme around guests arriving early and being accommodated with early room access or, at minimum, access to hotel amenities and facilities. This points to a well-integrated system for managing early arrivals and utilizing the hotel's extensive offerings proactively.","1. **[Action 1]:** **Enhanced Wayfinding and Digital Integration:** Develop and deploy highly visible, multi-lingual signage within the hotel and leading to adjacent attractions to further improve on-site navigation. Supplement this with QR codes at key points offering interactive maps, public transport information, and real-time updates on attraction opening hours.
2. **[Action 2]:** **Optimize Early Arrival Procedures:** Streamline the process for guests arriving before standard check-in. This includes proactive communication via app/email about early check-in possibilities and a clearly defined procedure for luggage storage and immediate access to facilities (e.g., pool, dining, lounges) for those rooms not yet ready. Train staff to efficiently manage this, as highlighted in some positive reviews.
3. **[Action 3]:** **Strategic Retail and Dining Partnerships for Seamless Transitions:** Further leverage the hotel's integration with The Shoppes. Explore partnerships with retailers and restaurants to offer guests pre-booked slots or express service based on their hotel stay, creating a more fluid transition between on-site and off-site experiences. This also includes ensuring seamless access to the hawker center for guests seeking local food options.","1. **[Room Assignment & View Quality]:** A significant number of guests are expressing dissatisfaction with their room assignments, specifically concerning low floor levels, obstructed views (trees, highways, building structures), and being placed in areas undergoing renovation. This directly impacts the perceived value and experience, especially given the hotel's reputation and pricing.
2. **[Access to Facilities & Navigation]:** Guests frequently mention difficulties and inconvenience in accessing key hotel amenities, most notably the infinity pool and the gym. This includes the need to traverse public areas in inappropriate attire, long walks, the necessity of using transfer lifts, and complex navigation through the extensive property.
3. **[Perception of Location as a ""Destination"" vs. Convenience]:** While the iconic views and proximity to attractions like Gardens by the Bay are acknowledged, some reviews highlight a disconnect between the hotel's grandeur and practical accessibility for dining and experiencing the surrounding city. It's perceived more as a self-contained attraction than a well-connected hub.","1. **[Action 1]:** Implement a tiered room assignment protocol that prioritizes higher floor levels and unobstructed views for guests booking premium room categories. For rooms with limited views or in proximity to renovations, proactively offer an upgrade or a concession (e.g., resort credit) upon check-in to mitigate dissatisfaction before it escalates.
2. **[Action 2]:** Develop and prominently display clear, intuitive wayfinding signage throughout the property, specifically directing guests to key amenities like the pool and gym. For amenities requiring multi-lift transfers, consider offering a dedicated, less public route or a direct shuttle service during peak hours.
3. **[Action 3]:** Conduct a comprehensive review of external dining partnerships and hotel-managed food and beverage outlet operating hours. Explore options for preferred reservation access for hotel guests at nearby restaurants or extend late-night dining options within the hotel to address the perception of inconvenient access to food outside of the resort."
Pricing & Value for Money,"1. **[Theme 1]:** Perceived High Value Despite High Cost: A significant portion of reviews highlight that while the hotel is recognized as expensive (""pricey,"" ""costs a lot,"" ""top-notch""), guests ultimately feel it is ""worth every penny,"" ""value for money,"" and ""affordable"" given the overall experience. This suggests the cost is justified by the quality of offerings.
2. **[Theme 2]:** Premium Facilities and Experiences Justify Price: Guests frequently associate the perceived value with specific, world-class amenities and unique experiences, particularly the infinity pool, stunning views, spacious and well-equipped rooms (especially after renovation), and unique activities like sound meditation and Pilates on the sky deck.
3. **[Theme 3]:** Competitive Pricing and Package Deals Enhance Value Perception: Mentions of ""affordable rates"" through third-party bookings (like Klook) and discounts for hotel guests indicate that strategic pricing and packaging can significantly boost the perception of value for money, even for a premium product.","1. **[Action 1]:** Enhance On-Site Communication of Value Proposition: Develop targeted in-room and digital communication materials that explicitly link the price to the premium facilities and unique experiences offered. This could include a beautifully designed brochure or a dedicated section in the in-room tablet/app highlighting the exclusivity of the infinity pool, the architectural marvel of the hotel, the quality of the newly renovated rooms, and the unique wellness/activity options, reinforcing why the cost translates to exceptional value.
2. **[Action 2]:** Implement Dynamic Packaging and Tiered Offers: Leverage the positive feedback on package deals by exploring more dynamic pricing strategies and tiered offering. This could involve creating ""experience bundles"" that combine accommodation with access to specific premium activities (e.g., a ""Skyline & Wellness"" package including pool access and a meditation session) or offering slight discounts for longer stays or booking directly, further solidifying the ""value for money"" perception.
3. **[Action 3]:** Optimize Food & Beverage Value Perception at Entry-Level: While general F&B is praised, one review specifically mentions the ""food court had a variety of reasonably priced options."" To further enhance the overall value perception, management should ensure that while the high-end dining experiences are priced accordingly, there are clearly communicated and easily accessible, high-quality, and reasonably priced F&B options available for all guests, reinforcing the idea that value extends across the entire guest journey. This could involve promoting the food court more actively or ensuring a diverse and well-priced offering at outlets like cafes or grab-and-go stations.","1. **[Outdated Room Condition vs. Premium Pricing]:** A significant number of guests feel that the rooms, particularly in older towers (e.g., Tower 3), are outdated, poorly maintained, and not reflective of the premium price point and the hotel's iconic status. This leads to a perception of poor value for money.
2. **[Inconsistent Information & Misleading Representations]:** Guests are encountering discrepancies in room information (e.g., refurbished vs. old rooms, room capacity claims) and payment options advertised by third-party booking sites versus the actual hotel reality. This leads to disappointment and a feeling of being misled, diminishing the perceived value.
3. **[Service Gaps Detracting from Value]:** Despite the high cost, guests report instances of poor service, such as slow room service, lack of basic amenities not being replenished without request, and insufficient seating during peak times like check-in. These service failures further erode the perceived value for the price paid.","1. **[Action 1]:** Implement a transparent room classification system for all booking channels. Clearly differentiate between ""refurbished"" and ""original"" rooms, specifically highlighting which towers or floors fall into each category. Utilize high-quality, up-to-date imagery and detailed descriptions for each room type to manage guest expectations accurately before booking.
2. **[Action 2]:** Establish a robust process for auditing and ensuring the accuracy of information provided by all third-party booking platforms. This should include regular checks on payment acceptance policies, room descriptions, and advertised amenities, with swift rectification of any discrepancies.
3. **[Action 3]:** Conduct a review of staffing levels and service protocols during peak periods (check-in/check-out) and for essential services like room service and amenity replenishment. Implement targeted training to enhance service efficiency, proactivity in amenity stocking, and the provision of comfortable waiting areas in public spaces."
Atmosphere & Ambience,"1. **[Theme 1]:** **Visual Appeal & Iconic Views:** Guests consistently praise the stunning visual aspects of the hotel, including the iconic infinity pool, city skyline views from rooms and public spaces, and the overall aesthetic design. This is a significant driver of positive sentiment.
2. **[Theme 2]:** **Pleasant & Welcoming Atmosphere:** Reviewers frequently use words like ""cozy,"" ""vibe,"" ""warm,"" and ""friendly"" to describe the overall feeling within the hotel, especially in areas like the fitness center, spas, and restaurants. This suggests a successful creation of a positive and inviting environment.
3. **[Theme 3]:** **Multi-Sensory Experience (Sound & Comfort):** Specific mentions of motivating music in the fitness center, comfortable room amenities (like warm toilet seats), and the air-conditioned environment as a refuge from the heat and humidity indicate that the hotel provides a comfortable and engaging sensory experience.","1. **[Action 1]:** **Leverage and Enhance Iconic Views:** Implement a program for ""Viewpoint Ambassadors"" who can proactively guide guests to the best spots for photography and appreciating the iconic views, especially during sunrise/sunset. Consider subtle directional signage and in-room information highlighting prime viewing times and locations.
2. **[Action 2]:** **Standardize ""Welcoming Vibe"" Training:** Conduct specialized training modules for all front-line staff, focusing on creating a consistently warm and friendly atmosphere, using phrases that evoke comfort and welcome. This training should emphasize proactive engagement and personalized greetings, drawing inspiration from the positive mentions of specific staff.
3. **[Action 3]:** **Sensory Audit and Refinement:** Conduct a comprehensive sensory audit of key public spaces and guest rooms, focusing on ambient sound levels (e.g., music in public areas, potential noise insulation in rooms), lighting conditions, and scent profiles. Implement minor adjustments to enhance the ""cozy"" and ""motivating"" aspects identified in the reviews. For example, consistently ensure fitness center music is upbeat and within optimal decibel ranges.","1. **[Overcrowding and Lack of Exclusivity]:** Numerous guests expressed significant dissatisfaction with the pervasive crowds throughout the hotel, including the lobby, check-in areas, restaurants, and even the iconic pool. This led to a feeling of being ""in a football field"" or a ""shopping mall"" rather than a luxurious hotel, diminishing the sense of exclusivity and relaxation.
2. **[Discrepancy Between Price and Experience/Service]:** A recurring sentiment is that the hotel is significantly overpriced for the experience and service provided. Guests repeatedly mention feeling that the ""atmosphere and staff were cold, distant and impersonal,"" and that the service did not match the high cost, leading to disappointment, especially when coupled with issues like long wait times and perceived lack of attentive service.
3. **[Inconsistent Atmosphere and Ambience in Dining/Leisure Areas]:** While the building's architecture and the main pool views are often praised, the ambience within specific areas like restaurants and bars is frequently criticized. This includes loud music, noisy environments, lack of intimacy, and a ""touristy"" feel that detracts from a sophisticated or romantic experience.","1. **[Action 1]:** Implement a tiered access system or timed entry for the infinity pool during peak hours. This could involve mandatory pre-booking for all guests, with designated time slots, to manage capacity and ensure a more relaxed experience for those seeking it. Staff should be trained to enforce these slots politely but firmly.
2. **[Action 2]:** Conduct a comprehensive review of staff training programs, focusing on enhancing service etiquette, cultural sensitivity, and proactive guest engagement. This should include practical role-playing scenarios for handling common service issues (e.g., long wait times for bills, guest complaints about noise) and a strong emphasis on embodying a welcoming and attentive atmosphere consistent with premium pricing.
3. **[Action 3]:** Develop distinct ""ambience profiles"" for each bar and restaurant, aligned with their intended target audience and service style. This may involve curating specific music playlists (volume and genre adjusted for time of day/night), reviewing interior lighting and seating arrangements to foster more intimate or relaxed settings where appropriate, and ensuring staff are aware of and contribute to maintaining these specific ambiances."
